insert into Endereco(idEndereco, rua, numero, bairro, cidade, uf, cep) values (1, "Rua1", "150-1", "Bairro 1", "Cidade 1", "UF-1", "89683-1");
insert into pessoa(idPessoa, nome, rg, cpf, estadoCivil, genero, dataNascimento, telefoneResidencial, telefoneCelular, email, Endereco_idEndereco) values (1, "Nome 1", "RG-1", "CPF-1", "Casado(a)", "Masculino1" , '1997-10-10', "3435-1", "9954-1", "motaviop1@gmail.com", 1);
insert into cliente(idCliente, interesse1, interesse2, interesse3, Pessoa_idPessoa) values(1, "Interesse1-Cliente1", "Interesse2-Cliente1", "Interesse3-Cliente1", 1); 

insert into Endereco(idEndereco, rua, numero, bairro, cidade, uf, cep) values (2, "Rua2", "150-2", "Bairro 2", "Cidade 2", "UF-2", "89683-2");
insert into pessoa(idPessoa, nome, rg, cpf, estadoCivil, genero, dataNascimento, telefoneResidencial, telefoneCelular, email, Endereco_idEndereco) values (2, "Nome 2", "RG-2", "CPF-2", "Casado(a)", "Masculino2" , '1997-10-10', "3435-2", "9954-2", "motaviop2@gmail.com", 2);
insert into cliente(idCliente, interesse1, interesse2, interesse3, Pessoa_idPessoa) values(2, "Interesse1-Cliente2", "Interesse2-Cliente2", "Interesse3-Cliente2", 2); 

insert into Endereco(idEndereco, rua, numero, bairro, cidade, uf, cep) values (3, "Rua3", "150-3", "Bairro 3", "Cidade 3", "UF-3", "89683-3");
insert into pessoa(idPessoa, nome, rg, cpf, estadoCivil, genero, dataNascimento, telefoneResidencial, telefoneCelular, email, Endereco_idEndereco) values (3, "Nome 3", "RG-3", "CPF-3", "Casado(a)", "Masculino3" , '1997-10-10', "3435-3", "9954-3", "motaviop3@gmail.com", 3);
insert into cliente(idCliente, interesse1, interesse2, interesse3, Pessoa_idPessoa) values(3, "Interesse1-Cliente3", "Interesse2-Cliente3", "Interesse3-Cliente3", 3); 

insert into Endereco(idEndereco, rua, numero, bairro, cidade, uf, cep) values (4, "Rua4", "150-4", "Bairro 4", "Cidade 4", "UF-4", "89683-4");
insert into pessoa(idPessoa, nome, rg, cpf, estadoCivil, genero, dataNascimento, telefoneResidencial, telefoneCelular, email, Endereco_idEndereco) values (4, "Nome 4", "RG-4", "CPF-4", "Casado(a)", "Masculino4" , '1997-10-10', "3435-4", "9954-4", "motaviop4@gmail.com", 4);
insert into cliente(idCliente, interesse1, interesse2, interesse3, Pessoa_idPessoa) values(4, "Interesse1-Cliente4", "Interesse2-Cliente4", "Interesse3-Cliente4", 4); 

insert into Endereco(idEndereco, rua, numero, bairro, cidade, uf, cep) values (5, "Rua5", "150-5", "Bairro 5", "Cidade 5", "UF-5", "89683-5");
insert into pessoa(idPessoa, nome, rg, cpf, estadoCivil, genero, dataNascimento, telefoneResidencial, telefoneCelular, email, Endereco_idEndereco) values (5, "Nome 5", "RG-5", "CPF-5", "Casado(a)", "Masculino5" , '1997-10-10', "3435-5", "9954-5", "motaviop5@gmail.com", 5);
insert into cliente(idCliente, interesse1, interesse2, interesse3, Pessoa_idPessoa) values(5, "Interesse1-Cliente5", "Interesse2-Cliente5", "Interesse3-Cliente5", 5); 

insert into Endereco(idEndereco, rua, numero, bairro, cidade, uf, cep) values (6, "Rua6", "150-6", "Bairro 6", "Cidade 6", "UF-6", "89683-6");
insert into pessoa(idPessoa, nome, rg, cpf, estadoCivil, genero, dataNascimento, telefoneResidencial, telefoneCelular, email, Endereco_idEndereco) values (6, "Nome 6", "RG-6", "CPF-6", "Casado(a)", "Masculino6" , '1997-10-10', "3435-6", "9954-6", "motaviop6@gmail.com", 6);
insert into cliente(idCliente, interesse1, interesse2, interesse3, Pessoa_idPessoa) values(6, "Interesse1-Cliente6", "Interesse2-Cliente6", "Interesse3-Cliente6", 6); 

insert into Endereco(idEndereco, rua, numero, bairro, cidade, uf, cep) values (7, "Rua7", "150-7", "Bairro 7", "Cidade 7", "UF-7", "89683-7");
insert into pessoa(idPessoa, nome, rg, cpf, estadoCivil, genero, dataNascimento, telefoneResidencial, telefoneCelular, email, Endereco_idEndereco) values (7, "Nome 7", "RG-7", "CPF-7", "Casado(a)", "Masculino7" , '1997-10-10', "3435-7", "9954-7", "motaviop7@gmail.com", 7);
insert into cliente(idCliente, interesse1, interesse2, interesse3, Pessoa_idPessoa) values(7, "Interesse1-Cliente7", "Interesse2-Cliente7", "Interesse3-Cliente7", 7); 

insert into Endereco(idEndereco, rua, numero, bairro, cidade, uf, cep) values (8, "Rua8", "150-8", "Bairro 8", "Cidade 8", "UF-8", "89683-8");
insert into pessoa(idPessoa, nome, rg, cpf, estadoCivil, genero, dataNascimento, telefoneResidencial, telefoneCelular, email, Endereco_idEndereco) values (8, "Nome 8", "RG-8", "CPF-8", "Casado(a)", "Masculino8" , '1997-10-10', "3435-8", "9954-8", "motaviop8@gmail.com", 8);
insert into cliente(idCliente, interesse1, interesse2, interesse3, Pessoa_idPessoa) values(8, "Interesse1-Cliente8", "Interesse2-Cliente8", "Interesse3-Cliente8", 8); 

insert into Endereco(idEndereco, rua, numero, bairro, cidade, uf, cep) values (9, "Rua9", "150-9", "Bairro 9", "Cidade 9", "UF-9", "89683-9");
insert into pessoa(idPessoa, nome, rg, cpf, estadoCivil, genero, dataNascimento, telefoneResidencial, telefoneCelular, email, Endereco_idEndereco) values (9, "Nome 9", "RG-9", "CPF-9", "Casado(a)", "Masculino9" , '1997-10-10', "3435-9", "9954-9", "motaviop9@gmail.com", 9);
insert into cliente(idCliente, interesse1, interesse2, interesse3, Pessoa_idPessoa) values(9, "Interesse1-Cliente9", "Interesse2-Cliente9", "Interesse3-Cliente9", 9); 

insert into Endereco(idEndereco, rua, numero, bairro, cidade, uf, cep) values (10, "Rua10", "150-10", "Bairro 10", "Cidade 10", "UF-10", "89683-10");
insert into pessoa(idPessoa, nome, rg, cpf, estadoCivil, genero, dataNascimento, telefoneResidencial, telefoneCelular, email, Endereco_idEndereco) values (10, "Nome 10", "RG-10", "CPF-10", "Casado(a)", "Masculino10" , '1997-10-10', "3435-10", "9954-10", "motaviop10@gmail.com", 10);
insert into cliente(idCliente, interesse1, interesse2, interesse3, Pessoa_idPessoa) values(10, "Interesse1-Cliente10", "Interesse2-Cliente10", "Interesse3-Cliente10", 10); 

insert into Endereco(idEndereco, rua, numero, bairro, cidade, uf, cep) values (11, "Rua11", "150-11", "Bairro 11", "Cidade 11", "UF-11", "89683-11");
insert into pessoa(idPessoa, nome, rg, cpf, estadoCivil, genero, dataNascimento, telefoneResidencial, telefoneCelular, email, Endereco_idEndereco) values (11, "Nome 11", "RG-11", "CPF-11", "Casado(a)", "Masculino11" , '1997-10-10', "3435-11", "9954-11", "motaviop11@gmail.com", 11);
insert into cliente(idCliente, interesse1, interesse2, interesse3, Pessoa_idPessoa) values(11, "Interesse1-Cliente11", "Interesse2-Cliente11", "Interesse3-Cliente11", 11); 

insert into Endereco(idEndereco, rua, numero, bairro, cidade, uf, cep) values (12, "Rua12", "150-12", "Bairro 12", "Cidade 12", "UF-12", "89683-12");
insert into pessoa(idPessoa, nome, rg, cpf, estadoCivil, genero, dataNascimento, telefoneResidencial, telefoneCelular, email, Endereco_idEndereco) values (12, "Nome 12", "RG-12", "CPF-12", "Casado(a)", "Masculino12" , '1997-10-10', "3435-12", "9954-12", "motaviop12@gmail.com", 12);
insert into cliente(idCliente, interesse1, interesse2, interesse3, Pessoa_idPessoa) values(12, "Interesse1-Cliente12", "Interesse2-Cliente12", "Interesse3-Cliente12", 12); 

insert into Endereco(idEndereco, rua, numero, bairro, cidade, uf, cep) values (13, "Rua13", "150-13", "Bairro 13", "Cidade 13", "UF-13", "89683-13");
insert into pessoa(idPessoa, nome, rg, cpf, estadoCivil, genero, dataNascimento, telefoneResidencial, telefoneCelular, email, Endereco_idEndereco) values (13, "Nome 13", "RG-13", "CPF-13", "Casado(a)", "Masculino13" , '1997-10-10', "3435-13", "9954-13", "motaviop13@gmail.com", 13);
insert into cliente(idCliente, interesse1, interesse2, interesse3, Pessoa_idPessoa) values(13, "Interesse1-Cliente13", "Interesse2-Cliente13", "Interesse3-Cliente13", 13); 

insert into Endereco(idEndereco, rua, numero, bairro, cidade, uf, cep) values (14, "Rua14", "150-14", "Bairro 14", "Cidade 14", "UF-14", "89683-14");
insert into pessoa(idPessoa, nome, rg, cpf, estadoCivil, genero, dataNascimento, telefoneResidencial, telefoneCelular, email, Endereco_idEndereco) values (14, "Nome 14", "RG-14", "CPF-14", "Casado(a)", "Masculino14" , '1997-10-10', "3435-14", "9954-14", "motaviop14@gmail.com", 14);
insert into cliente(idCliente, interesse1, interesse2, interesse3, Pessoa_idPessoa) values(14, "Interesse1-Cliente14", "Interesse2-Cliente14", "Interesse3-Cliente14", 14); 

insert into Endereco(idEndereco, rua, numero, bairro, cidade, uf, cep) values (15, "Rua15", "150-15", "Bairro 15", "Cidade 15", "UF-15", "89683-15");
insert into pessoa(idPessoa, nome, rg, cpf, estadoCivil, genero, dataNascimento, telefoneResidencial, telefoneCelular, email, Endereco_idEndereco) values (15, "Nome 15", "RG-15", "CPF-15", "Casado(a)", "Masculino15" , '1997-10-10', "3435-15", "9954-15", "motaviop15@gmail.com", 15);
insert into cliente(idCliente, interesse1, interesse2, interesse3, Pessoa_idPessoa) values(15, "Interesse1-Cliente15", "Interesse2-Cliente15", "Interesse3-Cliente15", 15); 

insert into Endereco(idEndereco, rua, numero, bairro, cidade, uf, cep) values (16, "Rua16", "150-16", "Bairro 16", "Cidade 16", "UF-16", "89683-16");
insert into pessoa(idPessoa, nome, rg, cpf, estadoCivil, genero, dataNascimento, telefoneResidencial, telefoneCelular, email, Endereco_idEndereco) values (16, "Nome 16", "RG-16", "CPF-16", "Casado(a)", "Masculino16" , '1997-10-10', "3435-16", "9954-16", "motaviop16@gmail.com", 16);
insert into cliente(idCliente, interesse1, interesse2, interesse3, Pessoa_idPessoa) values(16, "Interesse1-Cliente16", "Interesse2-Cliente16", "Interesse3-Cliente16", 16); 

insert into Endereco(idEndereco, rua, numero, bairro, cidade, uf, cep) values (17, "Rua17", "150-17", "Bairro 17", "Cidade 17", "UF-17", "89683-17");
insert into pessoa(idPessoa, nome, rg, cpf, estadoCivil, genero, dataNascimento, telefoneResidencial, telefoneCelular, email, Endereco_idEndereco) values (17, "Nome 17", "RG-17", "CPF-17", "Casado(a)", "Masculino17" , '1997-10-10', "3435-17", "9954-17", "motaviop17@gmail.com", 17);
insert into cliente(idCliente, interesse1, interesse2, interesse3, Pessoa_idPessoa) values(17, "Interesse1-Cliente17", "Interesse2-Cliente17", "Interesse3-Cliente17", 17); 

insert into Endereco(idEndereco, rua, numero, bairro, cidade, uf, cep) values (18, "Rua18", "150-18", "Bairro 18", "Cidade 18", "UF-18", "89683-18");
insert into pessoa(idPessoa, nome, rg, cpf, estadoCivil, genero, dataNascimento, telefoneResidencial, telefoneCelular, email, Endereco_idEndereco) values (18, "Nome 18", "RG-18", "CPF-18", "Casado(a)", "Masculino18" , '1997-10-10', "3435-18", "9954-18", "motaviop18@gmail.com", 18);
insert into cliente(idCliente, interesse1, interesse2, interesse3, Pessoa_idPessoa) values(18, "Interesse1-Cliente18", "Interesse2-Cliente18", "Interesse3-Cliente18", 18); 

insert into Endereco(idEndereco, rua, numero, bairro, cidade, uf, cep) values (19, "Rua19", "150-19", "Bairro 19", "Cidade 19", "UF-19", "89683-19");
insert into pessoa(idPessoa, nome, rg, cpf, estadoCivil, genero, dataNascimento, telefoneResidencial, telefoneCelular, email, Endereco_idEndereco) values (19, "Nome 19", "RG-19", "CPF-19", "Casado(a)", "Masculino19" , '1997-10-10', "3435-19", "9954-19", "motaviop19@gmail.com", 19);
insert into cliente(idCliente, interesse1, interesse2, interesse3, Pessoa_idPessoa) values(19, "Interesse1-Cliente19", "Interesse2-Cliente19", "Interesse3-Cliente19", 19); 

insert into Endereco(idEndereco, rua, numero, bairro, cidade, uf, cep) values (20, "Rua20", "150-20", "Bairro 20", "Cidade 20", "UF-20", "89683-20");
insert into pessoa(idPessoa, nome, rg, cpf, estadoCivil, genero, dataNascimento, telefoneResidencial, telefoneCelular, email, Endereco_idEndereco) values (20, "Nome 20", "RG-20", "CPF-20", "Casado(a)", "Masculino20" , '1997-10-10', "3435-20", "9954-20", "motaviop20@gmail.com", 20);
insert into cliente(idCliente, interesse1, interesse2, interesse3, Pessoa_idPessoa) values(20, "Interesse1-Cliente20", "Interesse2-Cliente20", "Interesse3-Cliente20", 20); 

insert into Endereco(idEndereco, rua, numero, bairro, cidade, uf, cep) values (21, "Rua21", "150-21", "Bairro 21", "Cidade 21", "UF-21", "89683-21");
insert into pessoa(idPessoa, nome, rg, cpf, estadoCivil, genero, dataNascimento, telefoneResidencial, telefoneCelular, email, Endereco_idEndereco) values (21, "Nome 21", "RG-21", "CPF-21", "Casado(a)", "Masculino21" , '1997-10-10', "3435-21", "9954-21", "motaviop21@gmail.com", 21);
insert into cliente(idCliente, interesse1, interesse2, interesse3, Pessoa_idPessoa) values(21, "Interesse1-Cliente21", "Interesse2-Cliente21", "Interesse3-Cliente21", 21); 

insert into Endereco(idEndereco, rua, numero, bairro, cidade, uf, cep) values (22, "Rua22", "150-22", "Bairro 22", "Cidade 22", "UF-22", "89683-22");
insert into pessoa(idPessoa, nome, rg, cpf, estadoCivil, genero, dataNascimento, telefoneResidencial, telefoneCelular, email, Endereco_idEndereco) values (22, "Nome 22", "RG-22", "CPF-22", "Casado(a)", "Masculino22" , '1997-10-10', "3435-22", "9954-22", "motaviop22@gmail.com", 22);
insert into cliente(idCliente, interesse1, interesse2, interesse3, Pessoa_idPessoa) values(22, "Interesse1-Cliente22", "Interesse2-Cliente22", "Interesse3-Cliente22", 22); 

insert into Endereco(idEndereco, rua, numero, bairro, cidade, uf, cep) values (23, "Rua23", "150-23", "Bairro 23", "Cidade 23", "UF-23", "89683-23");
insert into pessoa(idPessoa, nome, rg, cpf, estadoCivil, genero, dataNascimento, telefoneResidencial, telefoneCelular, email, Endereco_idEndereco) values (23, "Nome 23", "RG-23", "CPF-23", "Casado(a)", "Masculino23" , '1997-10-10', "3435-23", "9954-23", "motaviop23@gmail.com", 23);
insert into cliente(idCliente, interesse1, interesse2, interesse3, Pessoa_idPessoa) values(23, "Interesse1-Cliente23", "Interesse2-Cliente23", "Interesse3-Cliente23", 23); 

insert into Endereco(idEndereco, rua, numero, bairro, cidade, uf, cep) values (24, "Rua24", "150-24", "Bairro 24", "Cidade 24", "UF-24", "89683-24");
insert into pessoa(idPessoa, nome, rg, cpf, estadoCivil, genero, dataNascimento, telefoneResidencial, telefoneCelular, email, Endereco_idEndereco) values (24, "Nome 24", "RG-24", "CPF-24", "Casado(a)", "Masculino24" , '1997-10-10', "3435-24", "9954-24", "motaviop24@gmail.com", 24);
insert into cliente(idCliente, interesse1, interesse2, interesse3, Pessoa_idPessoa) values(24, "Interesse1-Cliente24", "Interesse2-Cliente24", "Interesse3-Cliente24", 24); 

insert into Endereco(idEndereco, rua, numero, bairro, cidade, uf, cep) values (25, "Rua25", "150-25", "Bairro 25", "Cidade 25", "UF-25", "89683-25");
insert into pessoa(idPessoa, nome, rg, cpf, estadoCivil, genero, dataNascimento, telefoneResidencial, telefoneCelular, email, Endereco_idEndereco) values (25, "Nome 25", "RG-25", "CPF-25", "Casado(a)", "Masculino25" , '1997-10-10', "3435-25", "9954-25", "motaviop25@gmail.com", 25);
insert into cliente(idCliente, interesse1, interesse2, interesse3, Pessoa_idPessoa) values(25, "Interesse1-Cliente25", "Interesse2-Cliente25", "Interesse3-Cliente25", 25); 

insert into Endereco(idEndereco, rua, numero, bairro, cidade, uf, cep) values (26, "Rua26", "150-26", "Bairro 26", "Cidade 26", "UF-26", "89683-26");
insert into pessoa(idPessoa, nome, rg, cpf, estadoCivil, genero, dataNascimento, telefoneResidencial, telefoneCelular, email, Endereco_idEndereco) values (26, "Nome 26", "RG-26", "CPF-26", "Casado(a)", "Masculino26" , '1997-10-10', "3435-26", "9954-26", "motaviop26@gmail.com", 26);
insert into cliente(idCliente, interesse1, interesse2, interesse3, Pessoa_idPessoa) values(26, "Interesse1-Cliente26", "Interesse2-Cliente26", "Interesse3-Cliente26", 26); 

insert into Endereco(idEndereco, rua, numero, bairro, cidade, uf, cep) values (27, "Rua27", "150-27", "Bairro 27", "Cidade 27", "UF-27", "89683-27");
insert into pessoa(idPessoa, nome, rg, cpf, estadoCivil, genero, dataNascimento, telefoneResidencial, telefoneCelular, email, Endereco_idEndereco) values (27, "Nome 27", "RG-27", "CPF-27", "Casado(a)", "Masculino27" , '1997-10-10', "3435-27", "9954-27", "motaviop27@gmail.com", 27);
insert into cliente(idCliente, interesse1, interesse2, interesse3, Pessoa_idPessoa) values(27, "Interesse1-Cliente27", "Interesse2-Cliente27", "Interesse3-Cliente27", 27); 

insert into Endereco(idEndereco, rua, numero, bairro, cidade, uf, cep) values (28, "Rua28", "150-28", "Bairro 28", "Cidade 28", "UF-28", "89683-28");
insert into pessoa(idPessoa, nome, rg, cpf, estadoCivil, genero, dataNascimento, telefoneResidencial, telefoneCelular, email, Endereco_idEndereco) values (28, "Nome 28", "RG-28", "CPF-28", "Casado(a)", "Masculino28" , '1997-10-10', "3435-28", "9954-28", "motaviop28@gmail.com", 28);
insert into cliente(idCliente, interesse1, interesse2, interesse3, Pessoa_idPessoa) values(28, "Interesse1-Cliente28", "Interesse2-Cliente28", "Interesse3-Cliente28", 28); 

insert into Endereco(idEndereco, rua, numero, bairro, cidade, uf, cep) values (29, "Rua29", "150-29", "Bairro 29", "Cidade 29", "UF-29", "89683-29");
insert into pessoa(idPessoa, nome, rg, cpf, estadoCivil, genero, dataNascimento, telefoneResidencial, telefoneCelular, email, Endereco_idEndereco) values (29, "Nome 29", "RG-29", "CPF-29", "Casado(a)", "Masculino29" , '1997-10-10', "3435-29", "9954-29", "motaviop29@gmail.com", 29);
insert into cliente(idCliente, interesse1, interesse2, interesse3, Pessoa_idPessoa) values(29, "Interesse1-Cliente29", "Interesse2-Cliente29", "Interesse3-Cliente29", 29); 

insert into Endereco(idEndereco, rua, numero, bairro, cidade, uf, cep) values (30, "Rua30", "150-30", "Bairro 30", "Cidade 30", "UF-30", "89683-30");
insert into pessoa(idPessoa, nome, rg, cpf, estadoCivil, genero, dataNascimento, telefoneResidencial, telefoneCelular, email, Endereco_idEndereco) values (30, "Nome 30", "RG-30", "CPF-30", "Casado(a)", "Masculino30" , '1997-10-10', "3435-30", "9954-30", "motaviop30@gmail.com", 30);
insert into cliente(idCliente, interesse1, interesse2, interesse3, Pessoa_idPessoa) values(30, "Interesse1-Cliente30", "Interesse2-Cliente30", "Interesse3-Cliente30", 30); 

insert into Endereco(idEndereco, rua, numero, bairro, cidade, uf, cep) values (31, "Rua31", "150-31", "Bairro 31", "Cidade 31", "UF-31", "89683-31");
insert into pessoa(idPessoa, nome, rg, cpf, estadoCivil, genero, dataNascimento, telefoneResidencial, telefoneCelular, email, Endereco_idEndereco) values (31, "Nome 31", "RG-31", "CPF-31", "Casado(a)", "Masculino31" , '1997-10-10', "3435-31", "9954-31", "motaviop31@gmail.com", 31);
insert into cliente(idCliente, interesse1, interesse2, interesse3, Pessoa_idPessoa) values(31, "Interesse1-Cliente31", "Interesse2-Cliente31", "Interesse3-Cliente31", 31); 

insert into Endereco(idEndereco, rua, numero, bairro, cidade, uf, cep) values (32, "Rua32", "150-32", "Bairro 32", "Cidade 32", "UF-32", "89683-32");
insert into pessoa(idPessoa, nome, rg, cpf, estadoCivil, genero, dataNascimento, telefoneResidencial, telefoneCelular, email, Endereco_idEndereco) values (32, "Nome 32", "RG-32", "CPF-32", "Casado(a)", "Masculino32" , '1997-10-10', "3435-32", "9954-32", "motaviop32@gmail.com", 32);
insert into cliente(idCliente, interesse1, interesse2, interesse3, Pessoa_idPessoa) values(32, "Interesse1-Cliente32", "Interesse2-Cliente32", "Interesse3-Cliente32", 32); 

insert into Endereco(idEndereco, rua, numero, bairro, cidade, uf, cep) values (33, "Rua33", "150-33", "Bairro 33", "Cidade 33", "UF-33", "89683-33");
insert into pessoa(idPessoa, nome, rg, cpf, estadoCivil, genero, dataNascimento, telefoneResidencial, telefoneCelular, email, Endereco_idEndereco) values (33, "Nome 33", "RG-33", "CPF-33", "Casado(a)", "Masculino33" , '1997-10-10', "3435-33", "9954-33", "motaviop33@gmail.com", 33);
insert into cliente(idCliente, interesse1, interesse2, interesse3, Pessoa_idPessoa) values(33, "Interesse1-Cliente33", "Interesse2-Cliente33", "Interesse3-Cliente33", 33); 

insert into Endereco(idEndereco, rua, numero, bairro, cidade, uf, cep) values (34, "Rua34", "150-34", "Bairro 34", "Cidade 34", "UF-34", "89683-34");
insert into pessoa(idPessoa, nome, rg, cpf, estadoCivil, genero, dataNascimento, telefoneResidencial, telefoneCelular, email, Endereco_idEndereco) values (34, "Nome 34", "RG-34", "CPF-34", "Casado(a)", "Masculino34" , '1997-10-10', "3435-34", "9954-34", "motaviop34@gmail.com", 34);
insert into cliente(idCliente, interesse1, interesse2, interesse3, Pessoa_idPessoa) values(34, "Interesse1-Cliente34", "Interesse2-Cliente34", "Interesse3-Cliente34", 34); 

insert into Endereco(idEndereco, rua, numero, bairro, cidade, uf, cep) values (35, "Rua35", "150-35", "Bairro 35", "Cidade 35", "UF-35", "89683-35");
insert into pessoa(idPessoa, nome, rg, cpf, estadoCivil, genero, dataNascimento, telefoneResidencial, telefoneCelular, email, Endereco_idEndereco) values (35, "Nome 35", "RG-35", "CPF-35", "Casado(a)", "Masculino35" , '1997-10-10', "3435-35", "9954-35", "motaviop35@gmail.com", 35);
insert into cliente(idCliente, interesse1, interesse2, interesse3, Pessoa_idPessoa) values(35, "Interesse1-Cliente35", "Interesse2-Cliente35", "Interesse3-Cliente35", 35); 

insert into Endereco(idEndereco, rua, numero, bairro, cidade, uf, cep) values (36, "Rua36", "150-36", "Bairro 36", "Cidade 36", "UF-36", "89683-36");
insert into pessoa(idPessoa, nome, rg, cpf, estadoCivil, genero, dataNascimento, telefoneResidencial, telefoneCelular, email, Endereco_idEndereco) values (36, "Nome 36", "RG-36", "CPF-36", "Casado(a)", "Masculino36" , '1997-10-10', "3435-36", "9954-36", "motaviop36@gmail.com", 36);
insert into cliente(idCliente, interesse1, interesse2, interesse3, Pessoa_idPessoa) values(36, "Interesse1-Cliente36", "Interesse2-Cliente36", "Interesse3-Cliente36", 36); 

insert into Endereco(idEndereco, rua, numero, bairro, cidade, uf, cep) values (37, "Rua37", "150-37", "Bairro 37", "Cidade 37", "UF-37", "89683-37");
insert into pessoa(idPessoa, nome, rg, cpf, estadoCivil, genero, dataNascimento, telefoneResidencial, telefoneCelular, email, Endereco_idEndereco) values (37, "Nome 37", "RG-37", "CPF-37", "Casado(a)", "Masculino37" , '1997-10-10', "3435-37", "9954-37", "motaviop37@gmail.com", 37);
insert into cliente(idCliente, interesse1, interesse2, interesse3, Pessoa_idPessoa) values(37, "Interesse1-Cliente37", "Interesse2-Cliente37", "Interesse3-Cliente37", 37); 

insert into Endereco(idEndereco, rua, numero, bairro, cidade, uf, cep) values (38, "Rua38", "150-38", "Bairro 38", "Cidade 38", "UF-38", "89683-38");
insert into pessoa(idPessoa, nome, rg, cpf, estadoCivil, genero, dataNascimento, telefoneResidencial, telefoneCelular, email, Endereco_idEndereco) values (38, "Nome 38", "RG-38", "CPF-38", "Casado(a)", "Masculino38" , '1997-10-10', "3435-38", "9954-38", "motaviop38@gmail.com", 38);
insert into cliente(idCliente, interesse1, interesse2, interesse3, Pessoa_idPessoa) values(38, "Interesse1-Cliente38", "Interesse2-Cliente38", "Interesse3-Cliente38", 38); 

insert into Endereco(idEndereco, rua, numero, bairro, cidade, uf, cep) values (39, "Rua39", "150-39", "Bairro 39", "Cidade 39", "UF-39", "89683-39");
insert into pessoa(idPessoa, nome, rg, cpf, estadoCivil, genero, dataNascimento, telefoneResidencial, telefoneCelular, email, Endereco_idEndereco) values (39, "Nome 39", "RG-39", "CPF-39", "Casado(a)", "Masculino39" , '1997-10-10', "3435-39", "9954-39", "motaviop39@gmail.com", 39);
insert into cliente(idCliente, interesse1, interesse2, interesse3, Pessoa_idPessoa) values(39, "Interesse1-Cliente39", "Interesse2-Cliente39", "Interesse3-Cliente39", 39); 

insert into Endereco(idEndereco, rua, numero, bairro, cidade, uf, cep) values (40, "Rua40", "150-40", "Bairro 40", "Cidade 40", "UF-40", "89683-40");
insert into pessoa(idPessoa, nome, rg, cpf, estadoCivil, genero, dataNascimento, telefoneResidencial, telefoneCelular, email, Endereco_idEndereco) values (40, "Nome 40", "RG-40", "CPF-40", "Casado(a)", "Masculino40" , '1997-10-10', "3435-40", "9954-40", "motaviop40@gmail.com", 40);
insert into cliente(idCliente, interesse1, interesse2, interesse3, Pessoa_idPessoa) values(40, "Interesse1-Cliente40", "Interesse2-Cliente40", "Interesse3-Cliente40", 40); 

insert into Endereco(idEndereco, rua, numero, bairro, cidade, uf, cep) values (41, "Rua41", "150-41", "Bairro 41", "Cidade 41", "UF-41", "89683-41");
insert into pessoa(idPessoa, nome, rg, cpf, estadoCivil, genero, dataNascimento, telefoneResidencial, telefoneCelular, email, Endereco_idEndereco) values (41, "Nome 41", "RG-41", "CPF-41", "Casado(a)", "Masculino41" , '1997-10-10', "3435-41", "9954-41", "motaviop41@gmail.com", 41);
insert into cliente(idCliente, interesse1, interesse2, interesse3, Pessoa_idPessoa) values(41, "Interesse1-Cliente41", "Interesse2-Cliente41", "Interesse3-Cliente41", 41); 

insert into Endereco(idEndereco, rua, numero, bairro, cidade, uf, cep) values (42, "Rua42", "150-42", "Bairro 42", "Cidade 42", "UF-42", "89683-42");
insert into pessoa(idPessoa, nome, rg, cpf, estadoCivil, genero, dataNascimento, telefoneResidencial, telefoneCelular, email, Endereco_idEndereco) values (42, "Nome 42", "RG-42", "CPF-42", "Casado(a)", "Masculino42" , '1997-10-10', "3435-42", "9954-42", "motaviop42@gmail.com", 42);
insert into cliente(idCliente, interesse1, interesse2, interesse3, Pessoa_idPessoa) values(42, "Interesse1-Cliente42", "Interesse2-Cliente42", "Interesse3-Cliente42", 42); 

insert into Endereco(idEndereco, rua, numero, bairro, cidade, uf, cep) values (43, "Rua43", "150-43", "Bairro 43", "Cidade 43", "UF-43", "89683-43");
insert into pessoa(idPessoa, nome, rg, cpf, estadoCivil, genero, dataNascimento, telefoneResidencial, telefoneCelular, email, Endereco_idEndereco) values (43, "Nome 43", "RG-43", "CPF-43", "Casado(a)", "Masculino43" , '1997-10-10', "3435-43", "9954-43", "motaviop43@gmail.com", 43);
insert into cliente(idCliente, interesse1, interesse2, interesse3, Pessoa_idPessoa) values(43, "Interesse1-Cliente43", "Interesse2-Cliente43", "Interesse3-Cliente43", 43); 

insert into Endereco(idEndereco, rua, numero, bairro, cidade, uf, cep) values (44, "Rua44", "150-44", "Bairro 44", "Cidade 44", "UF-44", "89683-44");
insert into pessoa(idPessoa, nome, rg, cpf, estadoCivil, genero, dataNascimento, telefoneResidencial, telefoneCelular, email, Endereco_idEndereco) values (44, "Nome 44", "RG-44", "CPF-44", "Casado(a)", "Masculino44" , '1997-10-10', "3435-44", "9954-44", "motaviop44@gmail.com", 44);
insert into cliente(idCliente, interesse1, interesse2, interesse3, Pessoa_idPessoa) values(44, "Interesse1-Cliente44", "Interesse2-Cliente44", "Interesse3-Cliente44", 44); 

insert into Endereco(idEndereco, rua, numero, bairro, cidade, uf, cep) values (45, "Rua45", "150-45", "Bairro 45", "Cidade 45", "UF-45", "89683-45");
insert into pessoa(idPessoa, nome, rg, cpf, estadoCivil, genero, dataNascimento, telefoneResidencial, telefoneCelular, email, Endereco_idEndereco) values (45, "Nome 45", "RG-45", "CPF-45", "Casado(a)", "Masculino45" , '1997-10-10', "3435-45", "9954-45", "motaviop45@gmail.com", 45);
insert into cliente(idCliente, interesse1, interesse2, interesse3, Pessoa_idPessoa) values(45, "Interesse1-Cliente45", "Interesse2-Cliente45", "Interesse3-Cliente45", 45); 

insert into Endereco(idEndereco, rua, numero, bairro, cidade, uf, cep) values (46, "Rua46", "150-46", "Bairro 46", "Cidade 46", "UF-46", "89683-46");
insert into pessoa(idPessoa, nome, rg, cpf, estadoCivil, genero, dataNascimento, telefoneResidencial, telefoneCelular, email, Endereco_idEndereco) values (46, "Nome 46", "RG-46", "CPF-46", "Casado(a)", "Masculino46" , '1997-10-10', "3435-46", "9954-46", "motaviop46@gmail.com", 46);
insert into cliente(idCliente, interesse1, interesse2, interesse3, Pessoa_idPessoa) values(46, "Interesse1-Cliente46", "Interesse2-Cliente46", "Interesse3-Cliente46", 46); 

insert into Endereco(idEndereco, rua, numero, bairro, cidade, uf, cep) values (47, "Rua47", "150-47", "Bairro 47", "Cidade 47", "UF-47", "89683-47");
insert into pessoa(idPessoa, nome, rg, cpf, estadoCivil, genero, dataNascimento, telefoneResidencial, telefoneCelular, email, Endereco_idEndereco) values (47, "Nome 47", "RG-47", "CPF-47", "Casado(a)", "Masculino47" , '1997-10-10', "3435-47", "9954-47", "motaviop47@gmail.com", 47);
insert into cliente(idCliente, interesse1, interesse2, interesse3, Pessoa_idPessoa) values(47, "Interesse1-Cliente47", "Interesse2-Cliente47", "Interesse3-Cliente47", 47); 

insert into Endereco(idEndereco, rua, numero, bairro, cidade, uf, cep) values (48, "Rua48", "150-48", "Bairro 48", "Cidade 48", "UF-48", "89683-48");
insert into pessoa(idPessoa, nome, rg, cpf, estadoCivil, genero, dataNascimento, telefoneResidencial, telefoneCelular, email, Endereco_idEndereco) values (48, "Nome 48", "RG-48", "CPF-48", "Casado(a)", "Masculino48" , '1997-10-10', "3435-48", "9954-48", "motaviop48@gmail.com", 48);
insert into cliente(idCliente, interesse1, interesse2, interesse3, Pessoa_idPessoa) values(48, "Interesse1-Cliente48", "Interesse2-Cliente48", "Interesse3-Cliente48", 48); 

insert into Endereco(idEndereco, rua, numero, bairro, cidade, uf, cep) values (49, "Rua49", "150-49", "Bairro 49", "Cidade 49", "UF-49", "89683-49");
insert into pessoa(idPessoa, nome, rg, cpf, estadoCivil, genero, dataNascimento, telefoneResidencial, telefoneCelular, email, Endereco_idEndereco) values (49, "Nome 49", "RG-49", "CPF-49", "Casado(a)", "Masculino49" , '1997-10-10', "3435-49", "9954-49", "motaviop49@gmail.com", 49);
insert into cliente(idCliente, interesse1, interesse2, interesse3, Pessoa_idPessoa) values(49, "Interesse1-Cliente49", "Interesse2-Cliente49", "Interesse3-Cliente49", 49); 

insert into Endereco(idEndereco, rua, numero, bairro, cidade, uf, cep) values (50, "Rua50", "150-50", "Bairro 50", "Cidade 50", "UF-50", "89683-50");
insert into pessoa(idPessoa, nome, rg, cpf, estadoCivil, genero, dataNascimento, telefoneResidencial, telefoneCelular, email, Endereco_idEndereco) values (50, "Nome 50", "RG-50", "CPF-50", "Casado(a)", "Masculino50" , '1997-10-10', "3435-50", "9954-50", "motaviop50@gmail.com", 50);
insert into cliente(idCliente, interesse1, interesse2, interesse3, Pessoa_idPessoa) values(50, "Interesse1-Cliente50", "Interesse2-Cliente50", "Interesse3-Cliente50", 50); 

insert into Endereco(idEndereco, rua, numero, bairro, cidade, uf, cep) values (51, "Rua51", "150-51", "Bairro 51", "Cidade 51", "UF-51", "89683-51");
insert into pessoa(idPessoa, nome, rg, cpf, estadoCivil, genero, dataNascimento, telefoneResidencial, telefoneCelular, email, Endereco_idEndereco) values (51, "Nome 51", "RG-51", "CPF-51", "Casado(a)", "Masculino51" , '1997-10-10', "3435-51", "9954-51", "motaviop51@gmail.com", 51);
insert into cliente(idCliente, interesse1, interesse2, interesse3, Pessoa_idPessoa) values(51, "Interesse1-Cliente51", "Interesse2-Cliente51", "Interesse3-Cliente51", 51); 

insert into Endereco(idEndereco, rua, numero, bairro, cidade, uf, cep) values (52, "Rua52", "150-52", "Bairro 52", "Cidade 52", "UF-52", "89683-52");
insert into pessoa(idPessoa, nome, rg, cpf, estadoCivil, genero, dataNascimento, telefoneResidencial, telefoneCelular, email, Endereco_idEndereco) values (52, "Nome 52", "RG-52", "CPF-52", "Casado(a)", "Masculino52" , '1997-10-10', "3435-52", "9954-52", "motaviop52@gmail.com", 52);
insert into cliente(idCliente, interesse1, interesse2, interesse3, Pessoa_idPessoa) values(52, "Interesse1-Cliente52", "Interesse2-Cliente52", "Interesse3-Cliente52", 52); 

insert into Endereco(idEndereco, rua, numero, bairro, cidade, uf, cep) values (53, "Rua53", "150-53", "Bairro 53", "Cidade 53", "UF-53", "89683-53");
insert into pessoa(idPessoa, nome, rg, cpf, estadoCivil, genero, dataNascimento, telefoneResidencial, telefoneCelular, email, Endereco_idEndereco) values (53, "Nome 53", "RG-53", "CPF-53", "Casado(a)", "Masculino53" , '1997-10-10', "3435-53", "9954-53", "motaviop53@gmail.com", 53);
insert into cliente(idCliente, interesse1, interesse2, interesse3, Pessoa_idPessoa) values(53, "Interesse1-Cliente53", "Interesse2-Cliente53", "Interesse3-Cliente53", 53); 

insert into Endereco(idEndereco, rua, numero, bairro, cidade, uf, cep) values (54, "Rua54", "150-54", "Bairro 54", "Cidade 54", "UF-54", "89683-54");
insert into pessoa(idPessoa, nome, rg, cpf, estadoCivil, genero, dataNascimento, telefoneResidencial, telefoneCelular, email, Endereco_idEndereco) values (54, "Nome 54", "RG-54", "CPF-54", "Casado(a)", "Masculino54" , '1997-10-10', "3435-54", "9954-54", "motaviop54@gmail.com", 54);
insert into cliente(idCliente, interesse1, interesse2, interesse3, Pessoa_idPessoa) values(54, "Interesse1-Cliente54", "Interesse2-Cliente54", "Interesse3-Cliente54", 54); 

insert into Endereco(idEndereco, rua, numero, bairro, cidade, uf, cep) values (55, "Rua55", "150-55", "Bairro 55", "Cidade 55", "UF-55", "89683-55");
insert into pessoa(idPessoa, nome, rg, cpf, estadoCivil, genero, dataNascimento, telefoneResidencial, telefoneCelular, email, Endereco_idEndereco) values (55, "Nome 55", "RG-55", "CPF-55", "Casado(a)", "Masculino55" , '1997-10-10', "3435-55", "9954-55", "motaviop55@gmail.com", 55);
insert into cliente(idCliente, interesse1, interesse2, interesse3, Pessoa_idPessoa) values(55, "Interesse1-Cliente55", "Interesse2-Cliente55", "Interesse3-Cliente55", 55); 

insert into Endereco(idEndereco, rua, numero, bairro, cidade, uf, cep) values (56, "Rua56", "150-56", "Bairro 56", "Cidade 56", "UF-56", "89683-56");
insert into pessoa(idPessoa, nome, rg, cpf, estadoCivil, genero, dataNascimento, telefoneResidencial, telefoneCelular, email, Endereco_idEndereco) values (56, "Nome 56", "RG-56", "CPF-56", "Casado(a)", "Masculino56" , '1997-10-10', "3435-56", "9954-56", "motaviop56@gmail.com", 56);
insert into cliente(idCliente, interesse1, interesse2, interesse3, Pessoa_idPessoa) values(56, "Interesse1-Cliente56", "Interesse2-Cliente56", "Interesse3-Cliente56", 56); 

insert into Endereco(idEndereco, rua, numero, bairro, cidade, uf, cep) values (57, "Rua57", "150-57", "Bairro 57", "Cidade 57", "UF-57", "89683-57");
insert into pessoa(idPessoa, nome, rg, cpf, estadoCivil, genero, dataNascimento, telefoneResidencial, telefoneCelular, email, Endereco_idEndereco) values (57, "Nome 57", "RG-57", "CPF-57", "Casado(a)", "Masculino57" , '1997-10-10', "3435-57", "9954-57", "motaviop57@gmail.com", 57);
insert into cliente(idCliente, interesse1, interesse2, interesse3, Pessoa_idPessoa) values(57, "Interesse1-Cliente57", "Interesse2-Cliente57", "Interesse3-Cliente57", 57); 

insert into Endereco(idEndereco, rua, numero, bairro, cidade, uf, cep) values (58, "Rua58", "150-58", "Bairro 58", "Cidade 58", "UF-58", "89683-58");
insert into pessoa(idPessoa, nome, rg, cpf, estadoCivil, genero, dataNascimento, telefoneResidencial, telefoneCelular, email, Endereco_idEndereco) values (58, "Nome 58", "RG-58", "CPF-58", "Casado(a)", "Masculino58" , '1997-10-10', "3435-58", "9954-58", "motaviop58@gmail.com", 58);
insert into cliente(idCliente, interesse1, interesse2, interesse3, Pessoa_idPessoa) values(58, "Interesse1-Cliente58", "Interesse2-Cliente58", "Interesse3-Cliente58", 58); 

insert into Endereco(idEndereco, rua, numero, bairro, cidade, uf, cep) values (59, "Rua59", "150-59", "Bairro 59", "Cidade 59", "UF-59", "89683-59");
insert into pessoa(idPessoa, nome, rg, cpf, estadoCivil, genero, dataNascimento, telefoneResidencial, telefoneCelular, email, Endereco_idEndereco) values (59, "Nome 59", "RG-59", "CPF-59", "Casado(a)", "Masculino59" , '1997-10-10', "3435-59", "9954-59", "motaviop59@gmail.com", 59);
insert into cliente(idCliente, interesse1, interesse2, interesse3, Pessoa_idPessoa) values(59, "Interesse1-Cliente59", "Interesse2-Cliente59", "Interesse3-Cliente59", 59); 

insert into Endereco(idEndereco, rua, numero, bairro, cidade, uf, cep) values (60, "Rua60", "150-60", "Bairro 60", "Cidade 60", "UF-60", "89683-60");
insert into pessoa(idPessoa, nome, rg, cpf, estadoCivil, genero, dataNascimento, telefoneResidencial, telefoneCelular, email, Endereco_idEndereco) values (60, "Nome 60", "RG-60", "CPF-60", "Casado(a)", "Masculino60" , '1997-10-10', "3435-60", "9954-60", "motaviop60@gmail.com", 60);
insert into cliente(idCliente, interesse1, interesse2, interesse3, Pessoa_idPessoa) values(60, "Interesse1-Cliente60", "Interesse2-Cliente60", "Interesse3-Cliente60", 60); 

insert into Endereco(idEndereco, rua, numero, bairro, cidade, uf, cep) values (61, "Rua61", "150-61", "Bairro 61", "Cidade 61", "UF-61", "89683-61");
insert into pessoa(idPessoa, nome, rg, cpf, estadoCivil, genero, dataNascimento, telefoneResidencial, telefoneCelular, email, Endereco_idEndereco) values (61, "Nome 61", "RG-61", "CPF-61", "Casado(a)", "Masculino61" , '1997-10-10', "3435-61", "9954-61", "motaviop61@gmail.com", 61);
insert into cliente(idCliente, interesse1, interesse2, interesse3, Pessoa_idPessoa) values(61, "Interesse1-Cliente61", "Interesse2-Cliente61", "Interesse3-Cliente61", 61); 

insert into Endereco(idEndereco, rua, numero, bairro, cidade, uf, cep) values (62, "Rua62", "150-62", "Bairro 62", "Cidade 62", "UF-62", "89683-62");
insert into pessoa(idPessoa, nome, rg, cpf, estadoCivil, genero, dataNascimento, telefoneResidencial, telefoneCelular, email, Endereco_idEndereco) values (62, "Nome 62", "RG-62", "CPF-62", "Casado(a)", "Masculino62" , '1997-10-10', "3435-62", "9954-62", "motaviop62@gmail.com", 62);
insert into cliente(idCliente, interesse1, interesse2, interesse3, Pessoa_idPessoa) values(62, "Interesse1-Cliente62", "Interesse2-Cliente62", "Interesse3-Cliente62", 62); 

insert into Endereco(idEndereco, rua, numero, bairro, cidade, uf, cep) values (63, "Rua63", "150-63", "Bairro 63", "Cidade 63", "UF-63", "89683-63");
insert into pessoa(idPessoa, nome, rg, cpf, estadoCivil, genero, dataNascimento, telefoneResidencial, telefoneCelular, email, Endereco_idEndereco) values (63, "Nome 63", "RG-63", "CPF-63", "Casado(a)", "Masculino63" , '1997-10-10', "3435-63", "9954-63", "motaviop63@gmail.com", 63);
insert into cliente(idCliente, interesse1, interesse2, interesse3, Pessoa_idPessoa) values(63, "Interesse1-Cliente63", "Interesse2-Cliente63", "Interesse3-Cliente63", 63); 

insert into Endereco(idEndereco, rua, numero, bairro, cidade, uf, cep) values (64, "Rua64", "150-64", "Bairro 64", "Cidade 64", "UF-64", "89683-64");
insert into pessoa(idPessoa, nome, rg, cpf, estadoCivil, genero, dataNascimento, telefoneResidencial, telefoneCelular, email, Endereco_idEndereco) values (64, "Nome 64", "RG-64", "CPF-64", "Casado(a)", "Masculino64" , '1997-10-10', "3435-64", "9954-64", "motaviop64@gmail.com", 64);
insert into cliente(idCliente, interesse1, interesse2, interesse3, Pessoa_idPessoa) values(64, "Interesse1-Cliente64", "Interesse2-Cliente64", "Interesse3-Cliente64", 64); 

insert into Endereco(idEndereco, rua, numero, bairro, cidade, uf, cep) values (65, "Rua65", "150-65", "Bairro 65", "Cidade 65", "UF-65", "89683-65");
insert into pessoa(idPessoa, nome, rg, cpf, estadoCivil, genero, dataNascimento, telefoneResidencial, telefoneCelular, email, Endereco_idEndereco) values (65, "Nome 65", "RG-65", "CPF-65", "Casado(a)", "Masculino65" , '1997-10-10', "3435-65", "9954-65", "motaviop65@gmail.com", 65);
insert into cliente(idCliente, interesse1, interesse2, interesse3, Pessoa_idPessoa) values(65, "Interesse1-Cliente65", "Interesse2-Cliente65", "Interesse3-Cliente65", 65); 

insert into Endereco(idEndereco, rua, numero, bairro, cidade, uf, cep) values (66, "Rua66", "150-66", "Bairro 66", "Cidade 66", "UF-66", "89683-66");
insert into pessoa(idPessoa, nome, rg, cpf, estadoCivil, genero, dataNascimento, telefoneResidencial, telefoneCelular, email, Endereco_idEndereco) values (66, "Nome 66", "RG-66", "CPF-66", "Casado(a)", "Masculino66" , '1997-10-10', "3435-66", "9954-66", "motaviop66@gmail.com", 66);
insert into cliente(idCliente, interesse1, interesse2, interesse3, Pessoa_idPessoa) values(66, "Interesse1-Cliente66", "Interesse2-Cliente66", "Interesse3-Cliente66", 66); 

insert into Endereco(idEndereco, rua, numero, bairro, cidade, uf, cep) values (67, "Rua67", "150-67", "Bairro 67", "Cidade 67", "UF-67", "89683-67");
insert into pessoa(idPessoa, nome, rg, cpf, estadoCivil, genero, dataNascimento, telefoneResidencial, telefoneCelular, email, Endereco_idEndereco) values (67, "Nome 67", "RG-67", "CPF-67", "Casado(a)", "Masculino67" , '1997-10-10', "3435-67", "9954-67", "motaviop67@gmail.com", 67);
insert into cliente(idCliente, interesse1, interesse2, interesse3, Pessoa_idPessoa) values(67, "Interesse1-Cliente67", "Interesse2-Cliente67", "Interesse3-Cliente67", 67); 

insert into Endereco(idEndereco, rua, numero, bairro, cidade, uf, cep) values (68, "Rua68", "150-68", "Bairro 68", "Cidade 68", "UF-68", "89683-68");
insert into pessoa(idPessoa, nome, rg, cpf, estadoCivil, genero, dataNascimento, telefoneResidencial, telefoneCelular, email, Endereco_idEndereco) values (68, "Nome 68", "RG-68", "CPF-68", "Casado(a)", "Masculino68" , '1997-10-10', "3435-68", "9954-68", "motaviop68@gmail.com", 68);
insert into cliente(idCliente, interesse1, interesse2, interesse3, Pessoa_idPessoa) values(68, "Interesse1-Cliente68", "Interesse2-Cliente68", "Interesse3-Cliente68", 68); 

insert into Endereco(idEndereco, rua, numero, bairro, cidade, uf, cep) values (69, "Rua69", "150-69", "Bairro 69", "Cidade 69", "UF-69", "89683-69");
insert into pessoa(idPessoa, nome, rg, cpf, estadoCivil, genero, dataNascimento, telefoneResidencial, telefoneCelular, email, Endereco_idEndereco) values (69, "Nome 69", "RG-69", "CPF-69", "Casado(a)", "Masculino69" , '1997-10-10', "3435-69", "9954-69", "motaviop69@gmail.com", 69);
insert into cliente(idCliente, interesse1, interesse2, interesse3, Pessoa_idPessoa) values(69, "Interesse1-Cliente69", "Interesse2-Cliente69", "Interesse3-Cliente69", 69); 

insert into Endereco(idEndereco, rua, numero, bairro, cidade, uf, cep) values (70, "Rua70", "150-70", "Bairro 70", "Cidade 70", "UF-70", "89683-70");
insert into pessoa(idPessoa, nome, rg, cpf, estadoCivil, genero, dataNascimento, telefoneResidencial, telefoneCelular, email, Endereco_idEndereco) values (70, "Nome 70", "RG-70", "CPF-70", "Casado(a)", "Masculino70" , '1997-10-10', "3435-70", "9954-70", "motaviop70@gmail.com", 70);
insert into cliente(idCliente, interesse1, interesse2, interesse3, Pessoa_idPessoa) values(70, "Interesse1-Cliente70", "Interesse2-Cliente70", "Interesse3-Cliente70", 70); 

insert into Endereco(idEndereco, rua, numero, bairro, cidade, uf, cep) values (71, "Rua71", "150-71", "Bairro 71", "Cidade 71", "UF-71", "89683-71");
insert into pessoa(idPessoa, nome, rg, cpf, estadoCivil, genero, dataNascimento, telefoneResidencial, telefoneCelular, email, Endereco_idEndereco) values (71, "Nome 71", "RG-71", "CPF-71", "Casado(a)", "Masculino71" , '1997-10-10', "3435-71", "9954-71", "motaviop71@gmail.com", 71);
insert into cliente(idCliente, interesse1, interesse2, interesse3, Pessoa_idPessoa) values(71, "Interesse1-Cliente71", "Interesse2-Cliente71", "Interesse3-Cliente71", 71); 

insert into Endereco(idEndereco, rua, numero, bairro, cidade, uf, cep) values (72, "Rua72", "150-72", "Bairro 72", "Cidade 72", "UF-72", "89683-72");
insert into pessoa(idPessoa, nome, rg, cpf, estadoCivil, genero, dataNascimento, telefoneResidencial, telefoneCelular, email, Endereco_idEndereco) values (72, "Nome 72", "RG-72", "CPF-72", "Casado(a)", "Masculino72" , '1997-10-10', "3435-72", "9954-72", "motaviop72@gmail.com", 72);
insert into cliente(idCliente, interesse1, interesse2, interesse3, Pessoa_idPessoa) values(72, "Interesse1-Cliente72", "Interesse2-Cliente72", "Interesse3-Cliente72", 72); 

insert into Endereco(idEndereco, rua, numero, bairro, cidade, uf, cep) values (73, "Rua73", "150-73", "Bairro 73", "Cidade 73", "UF-73", "89683-73");
insert into pessoa(idPessoa, nome, rg, cpf, estadoCivil, genero, dataNascimento, telefoneResidencial, telefoneCelular, email, Endereco_idEndereco) values (73, "Nome 73", "RG-73", "CPF-73", "Casado(a)", "Masculino73" , '1997-10-10', "3435-73", "9954-73", "motaviop73@gmail.com", 73);
insert into cliente(idCliente, interesse1, interesse2, interesse3, Pessoa_idPessoa) values(73, "Interesse1-Cliente73", "Interesse2-Cliente73", "Interesse3-Cliente73", 73); 

insert into Endereco(idEndereco, rua, numero, bairro, cidade, uf, cep) values (74, "Rua74", "150-74", "Bairro 74", "Cidade 74", "UF-74", "89683-74");
insert into pessoa(idPessoa, nome, rg, cpf, estadoCivil, genero, dataNascimento, telefoneResidencial, telefoneCelular, email, Endereco_idEndereco) values (74, "Nome 74", "RG-74", "CPF-74", "Casado(a)", "Masculino74" , '1997-10-10', "3435-74", "9954-74", "motaviop74@gmail.com", 74);
insert into cliente(idCliente, interesse1, interesse2, interesse3, Pessoa_idPessoa) values(74, "Interesse1-Cliente74", "Interesse2-Cliente74", "Interesse3-Cliente74", 74); 

insert into Endereco(idEndereco, rua, numero, bairro, cidade, uf, cep) values (75, "Rua75", "150-75", "Bairro 75", "Cidade 75", "UF-75", "89683-75");
insert into pessoa(idPessoa, nome, rg, cpf, estadoCivil, genero, dataNascimento, telefoneResidencial, telefoneCelular, email, Endereco_idEndereco) values (75, "Nome 75", "RG-75", "CPF-75", "Casado(a)", "Masculino75" , '1997-10-10', "3435-75", "9954-75", "motaviop75@gmail.com", 75);
insert into cliente(idCliente, interesse1, interesse2, interesse3, Pessoa_idPessoa) values(75, "Interesse1-Cliente75", "Interesse2-Cliente75", "Interesse3-Cliente75", 75); 

insert into Endereco(idEndereco, rua, numero, bairro, cidade, uf, cep) values (76, "Rua76", "150-76", "Bairro 76", "Cidade 76", "UF-76", "89683-76");
insert into pessoa(idPessoa, nome, rg, cpf, estadoCivil, genero, dataNascimento, telefoneResidencial, telefoneCelular, email, Endereco_idEndereco) values (76, "Nome 76", "RG-76", "CPF-76", "Casado(a)", "Masculino76" , '1997-10-10', "3435-76", "9954-76", "motaviop76@gmail.com", 76);
insert into cliente(idCliente, interesse1, interesse2, interesse3, Pessoa_idPessoa) values(76, "Interesse1-Cliente76", "Interesse2-Cliente76", "Interesse3-Cliente76", 76); 

insert into Endereco(idEndereco, rua, numero, bairro, cidade, uf, cep) values (77, "Rua77", "150-77", "Bairro 77", "Cidade 77", "UF-77", "89683-77");
insert into pessoa(idPessoa, nome, rg, cpf, estadoCivil, genero, dataNascimento, telefoneResidencial, telefoneCelular, email, Endereco_idEndereco) values (77, "Nome 77", "RG-77", "CPF-77", "Casado(a)", "Masculino77" , '1997-10-10', "3435-77", "9954-77", "motaviop77@gmail.com", 77);
insert into cliente(idCliente, interesse1, interesse2, interesse3, Pessoa_idPessoa) values(77, "Interesse1-Cliente77", "Interesse2-Cliente77", "Interesse3-Cliente77", 77); 

insert into Endereco(idEndereco, rua, numero, bairro, cidade, uf, cep) values (78, "Rua78", "150-78", "Bairro 78", "Cidade 78", "UF-78", "89683-78");
insert into pessoa(idPessoa, nome, rg, cpf, estadoCivil, genero, dataNascimento, telefoneResidencial, telefoneCelular, email, Endereco_idEndereco) values (78, "Nome 78", "RG-78", "CPF-78", "Casado(a)", "Masculino78" , '1997-10-10', "3435-78", "9954-78", "motaviop78@gmail.com", 78);
insert into cliente(idCliente, interesse1, interesse2, interesse3, Pessoa_idPessoa) values(78, "Interesse1-Cliente78", "Interesse2-Cliente78", "Interesse3-Cliente78", 78); 

insert into Endereco(idEndereco, rua, numero, bairro, cidade, uf, cep) values (79, "Rua79", "150-79", "Bairro 79", "Cidade 79", "UF-79", "89683-79");
insert into pessoa(idPessoa, nome, rg, cpf, estadoCivil, genero, dataNascimento, telefoneResidencial, telefoneCelular, email, Endereco_idEndereco) values (79, "Nome 79", "RG-79", "CPF-79", "Casado(a)", "Masculino79" , '1997-10-10', "3435-79", "9954-79", "motaviop79@gmail.com", 79);
insert into cliente(idCliente, interesse1, interesse2, interesse3, Pessoa_idPessoa) values(79, "Interesse1-Cliente79", "Interesse2-Cliente79", "Interesse3-Cliente79", 79); 

insert into Endereco(idEndereco, rua, numero, bairro, cidade, uf, cep) values (80, "Rua80", "150-80", "Bairro 80", "Cidade 80", "UF-80", "89683-80");
insert into pessoa(idPessoa, nome, rg, cpf, estadoCivil, genero, dataNascimento, telefoneResidencial, telefoneCelular, email, Endereco_idEndereco) values (80, "Nome 80", "RG-80", "CPF-80", "Casado(a)", "Masculino80" , '1997-10-10', "3435-80", "9954-80", "motaviop80@gmail.com", 80);
insert into cliente(idCliente, interesse1, interesse2, interesse3, Pessoa_idPessoa) values(80, "Interesse1-Cliente80", "Interesse2-Cliente80", "Interesse3-Cliente80", 80); 

insert into Endereco(idEndereco, rua, numero, bairro, cidade, uf, cep) values (81, "Rua81", "150-81", "Bairro 81", "Cidade 81", "UF-81", "89683-81");
insert into pessoa(idPessoa, nome, rg, cpf, estadoCivil, genero, dataNascimento, telefoneResidencial, telefoneCelular, email, Endereco_idEndereco) values (81, "Nome 81", "RG-81", "CPF-81", "Casado(a)", "Masculino81" , '1997-10-10', "3435-81", "9954-81", "motaviop81@gmail.com", 81);
insert into cliente(idCliente, interesse1, interesse2, interesse3, Pessoa_idPessoa) values(81, "Interesse1-Cliente81", "Interesse2-Cliente81", "Interesse3-Cliente81", 81); 

insert into Endereco(idEndereco, rua, numero, bairro, cidade, uf, cep) values (82, "Rua82", "150-82", "Bairro 82", "Cidade 82", "UF-82", "89683-82");
insert into pessoa(idPessoa, nome, rg, cpf, estadoCivil, genero, dataNascimento, telefoneResidencial, telefoneCelular, email, Endereco_idEndereco) values (82, "Nome 82", "RG-82", "CPF-82", "Casado(a)", "Masculino82" , '1997-10-10', "3435-82", "9954-82", "motaviop82@gmail.com", 82);
insert into cliente(idCliente, interesse1, interesse2, interesse3, Pessoa_idPessoa) values(82, "Interesse1-Cliente82", "Interesse2-Cliente82", "Interesse3-Cliente82", 82); 

insert into Endereco(idEndereco, rua, numero, bairro, cidade, uf, cep) values (83, "Rua83", "150-83", "Bairro 83", "Cidade 83", "UF-83", "89683-83");
insert into pessoa(idPessoa, nome, rg, cpf, estadoCivil, genero, dataNascimento, telefoneResidencial, telefoneCelular, email, Endereco_idEndereco) values (83, "Nome 83", "RG-83", "CPF-83", "Casado(a)", "Masculino83" , '1997-10-10', "3435-83", "9954-83", "motaviop83@gmail.com", 83);
insert into cliente(idCliente, interesse1, interesse2, interesse3, Pessoa_idPessoa) values(83, "Interesse1-Cliente83", "Interesse2-Cliente83", "Interesse3-Cliente83", 83); 

insert into Endereco(idEndereco, rua, numero, bairro, cidade, uf, cep) values (84, "Rua84", "150-84", "Bairro 84", "Cidade 84", "UF-84", "89683-84");
insert into pessoa(idPessoa, nome, rg, cpf, estadoCivil, genero, dataNascimento, telefoneResidencial, telefoneCelular, email, Endereco_idEndereco) values (84, "Nome 84", "RG-84", "CPF-84", "Casado(a)", "Masculino84" , '1997-10-10', "3435-84", "9954-84", "motaviop84@gmail.com", 84);
insert into cliente(idCliente, interesse1, interesse2, interesse3, Pessoa_idPessoa) values(84, "Interesse1-Cliente84", "Interesse2-Cliente84", "Interesse3-Cliente84", 84); 

insert into Endereco(idEndereco, rua, numero, bairro, cidade, uf, cep) values (85, "Rua85", "150-85", "Bairro 85", "Cidade 85", "UF-85", "89683-85");
insert into pessoa(idPessoa, nome, rg, cpf, estadoCivil, genero, dataNascimento, telefoneResidencial, telefoneCelular, email, Endereco_idEndereco) values (85, "Nome 85", "RG-85", "CPF-85", "Casado(a)", "Masculino85" , '1997-10-10', "3435-85", "9954-85", "motaviop85@gmail.com", 85);
insert into cliente(idCliente, interesse1, interesse2, interesse3, Pessoa_idPessoa) values(85, "Interesse1-Cliente85", "Interesse2-Cliente85", "Interesse3-Cliente85", 85); 

insert into Endereco(idEndereco, rua, numero, bairro, cidade, uf, cep) values (86, "Rua86", "150-86", "Bairro 86", "Cidade 86", "UF-86", "89683-86");
insert into pessoa(idPessoa, nome, rg, cpf, estadoCivil, genero, dataNascimento, telefoneResidencial, telefoneCelular, email, Endereco_idEndereco) values (86, "Nome 86", "RG-86", "CPF-86", "Casado(a)", "Masculino86" , '1997-10-10', "3435-86", "9954-86", "motaviop86@gmail.com", 86);
insert into cliente(idCliente, interesse1, interesse2, interesse3, Pessoa_idPessoa) values(86, "Interesse1-Cliente86", "Interesse2-Cliente86", "Interesse3-Cliente86", 86); 

insert into Endereco(idEndereco, rua, numero, bairro, cidade, uf, cep) values (87, "Rua87", "150-87", "Bairro 87", "Cidade 87", "UF-87", "89683-87");
insert into pessoa(idPessoa, nome, rg, cpf, estadoCivil, genero, dataNascimento, telefoneResidencial, telefoneCelular, email, Endereco_idEndereco) values (87, "Nome 87", "RG-87", "CPF-87", "Casado(a)", "Masculino87" , '1997-10-10', "3435-87", "9954-87", "motaviop87@gmail.com", 87);
insert into cliente(idCliente, interesse1, interesse2, interesse3, Pessoa_idPessoa) values(87, "Interesse1-Cliente87", "Interesse2-Cliente87", "Interesse3-Cliente87", 87); 

insert into Endereco(idEndereco, rua, numero, bairro, cidade, uf, cep) values (88, "Rua88", "150-88", "Bairro 88", "Cidade 88", "UF-88", "89683-88");
insert into pessoa(idPessoa, nome, rg, cpf, estadoCivil, genero, dataNascimento, telefoneResidencial, telefoneCelular, email, Endereco_idEndereco) values (88, "Nome 88", "RG-88", "CPF-88", "Casado(a)", "Masculino88" , '1997-10-10', "3435-88", "9954-88", "motaviop88@gmail.com", 88);
insert into cliente(idCliente, interesse1, interesse2, interesse3, Pessoa_idPessoa) values(88, "Interesse1-Cliente88", "Interesse2-Cliente88", "Interesse3-Cliente88", 88); 

insert into Endereco(idEndereco, rua, numero, bairro, cidade, uf, cep) values (89, "Rua89", "150-89", "Bairro 89", "Cidade 89", "UF-89", "89683-89");
insert into pessoa(idPessoa, nome, rg, cpf, estadoCivil, genero, dataNascimento, telefoneResidencial, telefoneCelular, email, Endereco_idEndereco) values (89, "Nome 89", "RG-89", "CPF-89", "Casado(a)", "Masculino89" , '1997-10-10', "3435-89", "9954-89", "motaviop89@gmail.com", 89);
insert into cliente(idCliente, interesse1, interesse2, interesse3, Pessoa_idPessoa) values(89, "Interesse1-Cliente89", "Interesse2-Cliente89", "Interesse3-Cliente89", 89); 

insert into Endereco(idEndereco, rua, numero, bairro, cidade, uf, cep) values (90, "Rua90", "150-90", "Bairro 90", "Cidade 90", "UF-90", "89683-90");
insert into pessoa(idPessoa, nome, rg, cpf, estadoCivil, genero, dataNascimento, telefoneResidencial, telefoneCelular, email, Endereco_idEndereco) values (90, "Nome 90", "RG-90", "CPF-90", "Casado(a)", "Masculino90" , '1997-10-10', "3435-90", "9954-90", "motaviop90@gmail.com", 90);
insert into cliente(idCliente, interesse1, interesse2, interesse3, Pessoa_idPessoa) values(90, "Interesse1-Cliente90", "Interesse2-Cliente90", "Interesse3-Cliente90", 90); 

insert into Endereco(idEndereco, rua, numero, bairro, cidade, uf, cep) values (91, "Rua91", "150-91", "Bairro 91", "Cidade 91", "UF-91", "89683-91");
insert into pessoa(idPessoa, nome, rg, cpf, estadoCivil, genero, dataNascimento, telefoneResidencial, telefoneCelular, email, Endereco_idEndereco) values (91, "Nome 91", "RG-91", "CPF-91", "Casado(a)", "Masculino91" , '1997-10-10', "3435-91", "9954-91", "motaviop91@gmail.com", 91);
insert into corretor(idCorretor, salario, Pessoa_idPessoa) values(91, 1555.0, 91);
insert into usuario(idUsuario, login, senha, Corretor_idCorretor, nivelAcesso) values(91, "login91", "senha91", 91, 0); 

insert into Endereco(idEndereco, rua, numero, bairro, cidade, uf, cep) values (92, "Rua92", "150-92", "Bairro 92", "Cidade 92", "UF-92", "89683-92");
insert into pessoa(idPessoa, nome, rg, cpf, estadoCivil, genero, dataNascimento, telefoneResidencial, telefoneCelular, email, Endereco_idEndereco) values (92, "Nome 92", "RG-92", "CPF-92", "Casado(a)", "Masculino92" , '1997-10-10', "3435-92", "9954-92", "motaviop92@gmail.com", 92);
insert into corretor(idCorretor, salario, Pessoa_idPessoa) values(92, 1555.0, 92);
insert into usuario(idUsuario, login, senha, Corretor_idCorretor, nivelAcesso) values(92, "login92", "senha92", 92, 0); 

insert into Endereco(idEndereco, rua, numero, bairro, cidade, uf, cep) values (93, "Rua93", "150-93", "Bairro 93", "Cidade 93", "UF-93", "89683-93");
insert into pessoa(idPessoa, nome, rg, cpf, estadoCivil, genero, dataNascimento, telefoneResidencial, telefoneCelular, email, Endereco_idEndereco) values (93, "Nome 93", "RG-93", "CPF-93", "Casado(a)", "Masculino93" , '1997-10-10', "3435-93", "9954-93", "motaviop93@gmail.com", 93);
insert into corretor(idCorretor, salario, Pessoa_idPessoa) values(93, 1555.0, 93);
insert into usuario(idUsuario, login, senha, Corretor_idCorretor, nivelAcesso) values(93, "login93", "senha93", 93, 0); 

insert into Endereco(idEndereco, rua, numero, bairro, cidade, uf, cep) values (94, "Rua94", "150-94", "Bairro 94", "Cidade 94", "UF-94", "89683-94");
insert into pessoa(idPessoa, nome, rg, cpf, estadoCivil, genero, dataNascimento, telefoneResidencial, telefoneCelular, email, Endereco_idEndereco) values (94, "Nome 94", "RG-94", "CPF-94", "Casado(a)", "Masculino94" , '1997-10-10', "3435-94", "9954-94", "motaviop94@gmail.com", 94);
insert into corretor(idCorretor, salario, Pessoa_idPessoa) values(94, 1555.0, 94);
insert into usuario(idUsuario, login, senha, Corretor_idCorretor, nivelAcesso) values(94, "login94", "senha94", 94, 0); 

insert into Endereco(idEndereco, rua, numero, bairro, cidade, uf, cep) values (95, "Rua95", "150-95", "Bairro 95", "Cidade 95", "UF-95", "89683-95");
insert into pessoa(idPessoa, nome, rg, cpf, estadoCivil, genero, dataNascimento, telefoneResidencial, telefoneCelular, email, Endereco_idEndereco) values (95, "Nome 95", "RG-95", "CPF-95", "Casado(a)", "Masculino95" , '1997-10-10', "3435-95", "9954-95", "motaviop95@gmail.com", 95);
insert into corretor(idCorretor, salario, Pessoa_idPessoa) values(95, 1555.0, 95);
insert into usuario(idUsuario, login, senha, Corretor_idCorretor, nivelAcesso) values(95, "login95", "senha95", 95, 0); 

insert into Endereco(idEndereco, rua, numero, bairro, cidade, uf, cep) values (96, "Rua96", "150-96", "Bairro 96", "Cidade 96", "UF-96", "89683-96");
insert into pessoa(idPessoa, nome, rg, cpf, estadoCivil, genero, dataNascimento, telefoneResidencial, telefoneCelular, email, Endereco_idEndereco) values (96, "Nome 96", "RG-96", "CPF-96", "Casado(a)", "Masculino96" , '1997-10-10', "3435-96", "9954-96", "motaviop96@gmail.com", 96);
insert into corretor(idCorretor, salario, Pessoa_idPessoa) values(96, 1555.0, 96);
insert into usuario(idUsuario, login, senha, Corretor_idCorretor, nivelAcesso) values(96, "login96", "senha96", 96, 0); 

insert into Endereco(idEndereco, rua, numero, bairro, cidade, uf, cep) values (97, "Rua97", "150-97", "Bairro 97", "Cidade 97", "UF-97", "89683-97");
insert into pessoa(idPessoa, nome, rg, cpf, estadoCivil, genero, dataNascimento, telefoneResidencial, telefoneCelular, email, Endereco_idEndereco) values (97, "Nome 97", "RG-97", "CPF-97", "Casado(a)", "Masculino97" , '1997-10-10', "3435-97", "9954-97", "motaviop97@gmail.com", 97);
insert into corretor(idCorretor, salario, Pessoa_idPessoa) values(97, 1555.0, 97);
insert into usuario(idUsuario, login, senha, Corretor_idCorretor, nivelAcesso) values(97, "login97", "senha97", 97, 0); 

insert into Endereco(idEndereco, rua, numero, bairro, cidade, uf, cep) values (98, "Rua98", "150-98", "Bairro 98", "Cidade 98", "UF-98", "89683-98");
insert into pessoa(idPessoa, nome, rg, cpf, estadoCivil, genero, dataNascimento, telefoneResidencial, telefoneCelular, email, Endereco_idEndereco) values (98, "Nome 98", "RG-98", "CPF-98", "Casado(a)", "Masculino98" , '1997-10-10', "3435-98", "9954-98", "motaviop98@gmail.com", 98);
insert into corretor(idCorretor, salario, Pessoa_idPessoa) values(98, 1555.0, 98);
insert into usuario(idUsuario, login, senha, Corretor_idCorretor, nivelAcesso) values(98, "login98", "senha98", 98, 0); 

insert into Endereco(idEndereco, rua, numero, bairro, cidade, uf, cep) values (99, "Rua99", "150-99", "Bairro 99", "Cidade 99", "UF-99", "89683-99");
insert into pessoa(idPessoa, nome, rg, cpf, estadoCivil, genero, dataNascimento, telefoneResidencial, telefoneCelular, email, Endereco_idEndereco) values (99, "Nome 99", "RG-99", "CPF-99", "Casado(a)", "Masculino99" , '1997-10-10', "3435-99", "9954-99", "motaviop99@gmail.com", 99);
insert into corretor(idCorretor, salario, Pessoa_idPessoa) values(99, 1555.0, 99);
insert into usuario(idUsuario, login, senha, Corretor_idCorretor, nivelAcesso) values(99, "login99", "senha99", 99, 0); 

insert into Endereco(idEndereco, rua, numero, bairro, cidade, uf, cep) values (100, "Rua100", "150-100", "Bairro 100", "Cidade 100", "UF-100", "89683-100");
insert into pessoa(idPessoa, nome, rg, cpf, estadoCivil, genero, dataNascimento, telefoneResidencial, telefoneCelular, email, Endereco_idEndereco) values (100, "Nome 100", "RG-100", "CPF-100", "Casado(a)", "Masculino100" , '1997-10-10', "3435-100", "9954-100", "motaviop100@gmail.com", 100);
insert into corretor(idCorretor, salario, Pessoa_idPessoa) values(100, 1555.0, 100);
insert into usuario(idUsuario, login, senha, Corretor_idCorretor, nivelAcesso) values(100, "login100", "senha100", 100, 0); 


insert into Imovel(idImovel, metrosQuadrados, Cliente_idCliente, valorTotal, valorMensal, mesesContrato, Endereco_idEndereco, imagem1,
imagem2, imagem3, descricao1, descricao2, descricao3, imagem4, possui) values(1, "100", 1, 150.000, null, null, 1, "casa/1.jpg", "casa/2.jpg", "casa/3.jpg",
"barata", "pequena", "praia", "casa/4.jpg", 1);
